{
  "hash": "2101a135",
  "configHash": "9fbfc159",
  "lockfileHash": "47f13ddb",
  "browserHash": "9d793f6b",
  "optimized": {
    "@angular/common": {
      "src": "../../../../../node_modules/@angular/common/fesm2022/common.mjs",
      "file": "@angular_common.js",
      "fileHash": "3edf8102",
      "needsInterop": false
    },
    "@angular/core": {
      "src": "../../../../../node_modules/@angular/core/fesm2022/core.mjs",
      "file": "@angular_core.js",
      "fileHash": "46e8b67f",
      "needsInterop": false
    },
    "@angular/platform-browser": {
      "src": "../../../../../node_modules/@angular/platform-browser/fesm2022/platform-browser.mjs",
      "file": "@angular_platform-browser.js",
      "fileHash": "6eddaf39",
      "needsInterop": false
    },
    "@angular/router": {
      "src": "../../../../../node_modules/@angular/router/fesm2022/router.mjs",
      "file": "@angular_router.js",
      "fileHash": "df296b83",
      "needsInterop": false
    }
  },
  "chunks": {
    "chunk-5I6NSXII": {
      "file": "chunk-5I6NSXII.js"
    },
    "chunk-VMLZM2P5": {
      "file": "chunk-VMLZM2P5.js"
    },
    "chunk-H4B2EABD": {
      "file": "chunk-H4B2EABD.js"
    }
  }
}